output_one:230.00,Detected_one:0.00,Target_one:100.00
output_one:230.00,Detected_one:0.00,Target_one:100.00
output_one:66.46,Detected_one:71.10,Target_one:100.00
output_one:66.46,Detected_one:71.10,Target_one:100.00
output_one:-54.51,Detected_one:123.70,Target_one:100.00
output_one:-54.51,Detected_one:123.70,Target_one:100.00
output_one:41.82,Detected_one:81.82,Target_one:100.00
output_one:41.82,Detected_one:81.82,Target_one:100.00
output_one:115.75,Detected_one:49.68,Target_one:100.00
output_one:115.75,Detected_one:49.68,Target_one:100.00
output_one:50.78,Detected_one:77.92,Target_one:100.00
output_one:50.78,Detected_one:77.92,Target_one:100.00
output_one:10.45,Detected_one:95.45,Target_one:100.00
output_one:10.45,Detected_one:95.45,Target_one:100.00
output_one:10.45,Detected_one:95.45,Target_one:100.00
output_one:32.86,Detected_one:85.71,Target_one:100.00
output_one:32.86,Detected_one:85.71,Target_one:100.00
output_one:57.50,Detected_one:75.00,Target_one:100.00
output_one:57.50,Detected_one:75.00,Target_one:100.00
output_one:59.74,Detected_one:74.03,Target_one:100.00
output_one:59.74,Detected_one:74.03,Target_one:100.00
output_one:46.30,Detected_one:79.87,Target_one:100.00
output_one:46.30,Detected_one:79.87,Target_one:100.00
output_one:39.58,Detected_one:82.79,Target_one:100.00
output_one:39.58,Detected_one:82.79,Target_one:100.00
output_one:48.54,Detected_one:78.90,Target_one:100.00
output_one:48.54,Detected_one:78.90,Target_one:100.00
output_one:48.54,Detected_one:78.90,Target_one:100.00
output_one:53.02,Detected_one:76.95,Target_one:100.00
output_one:53.02,Detected_one:76.95,Target_one:100.00
output_one:46.30,Detected_one:79.87,Target_one:100.00
output_one:46.30,Detected_one:79.87,Target_one:100.00
output_one:48.54,Detected_one:78.90,Target_one:100.00
output_one:48.54,Detected_one:78.90,Target_one:100.00
output_one:46.30,Detected_one:79.87,Target_one:100.00
output_one:46.30,Detected_one:79.87,Target_one:100.00
output_one:48.54,Detected_one:78.90,Target_one:100.00
output_one:48.54,Detected_one:78.90,Target_one:100.00
output_one:50.78,Detected_one:77.92,Target_one:100.00
output_one:50.78,Detected_one:77.92,Target_one:100.00
output_one:46.30,Detected_one:79.87,Target_one:100.00
output_one:46.30,Detected_one:79.87,Target_one:100.00
output_one:46.30,Detected_one:79.87,Target_one:100.00
output_one:46.30,Detected_one:79.87,Target_one:100.00
output_one:46.30,Detected_one:79.87,Target_one:100.00
output_one:50.78,Detected_one:77.92,Target_one:100.00
output_one:50.78,Detected_one:77.92,Target_one:100.00
output_one:48.54,Detected_one:78.90,Target_one:100.00
output_one:48.54,Detected_one:78.90,Target_one:100.00
output_one:46.30,Detected_one:79.87,Target_one:100.00
output_one:46.30,Detected_one:79.87,Target_one:100.00
output_one:48.54,Detected_one:78.90,Target_one:100.00
output_one:48.54,Detected_one:78.90,Target_one:100.00
output_one:48.54,Detected_one:78.90,Target_one:100.00
output_one:48.54,Detected_one:78.90,Target_one:100.00
output_one:46.30,Detected_one:79.87,Target_one:100.00
output_one:46.30,Detected_one:79.87,Target_one:100.00
output_one:46.30,Detected_one:79.87,Target_one:100.00
output_one:48.54,Detected_one:78.90,Target_one:100.00
output_one:48.54,Detected_one:78.90,Target_one:100.00
output_one:48.54,Detected_one:78.90,Target_one:100.00
output_one:48.54,Detected_one:78.90,Target_one:100.00
output_one:46.30,Detected_one:79.87,Target_one:100.00
output_one:46.30,Detected_one:79.87,Target_one:100.00
output_one:48.54,Detected_one:78.90,Target_one:100.00
output_one:48.54,Detected_one:78.90,Target_one:100.00
output_one:48.54,Detected_one:78.90,Target_one:100.00
output_one:48.54,Detected_one:78.90,Target_one:100.00
output_one:46.30,Detected_one:79.87,Target_one:100.00
output_one:46.30,Detected_one:79.87,Target_one:100.00
output_one:48.54,Detected_one:78.90,Target_one:100.00
output_one:48.54,Detected_one:78.90,Target_one:100.00
output_one:48.54,Detected_one:78.90,Target_one:100.00
output_one:48.54,Detected_one:78.90,Target_one:100.00
output_one:48.54,Detected_one:78.90,Target_one:100.00
output_one:46.30,Detected_one:79.87,Target_one:100.00
output_one:46.30,Detected_one:79.87,Target_one:100.00
output_one:48.54,Detected_one:78.90,Target_one:100.00
output_one:48.54,Detected_one:78.90,Target_one:100.00
output_one:46.30,Detected_one:79.87,Target_one:100.00
output_one:46.30,Detected_one:79.87,Target_one:100.00
output_one:48.54,Detected_one:78.90,Target_one:100.00
output_one:48.54,Detected_one:78.90,Target_one:100.00
output_one:48.54,Detected_one:78.90,Target_one:100.00
output_one:48.54,Detected_one:78.90,Target_one:100.00
output_one:46.30,Detected_one:79.87,Target_one:100.00
output_one:46.30,Detected_one:79.87,Target_one:100.00
output_one:46.30,Detected_one:79.87,Target_one:100.00
output_one:46.30,Detected_one:79.87,Target_one:100.00
output_one:46.30,Detected_one:79.87,Target_one:100.00
output_one:50.78,Detected_one:77.92,Target_one:100.00
output_one:50.78,Detected_one:77.92,Target_one:100.00
output_one:46.30,Detected_one:79.87,Target_one:100.00
output_one:46.30,Detected_one:79.87,Target_one:100.00
output_one:48.54,Detected_one:78.90,Target_one:100.00
output_one:48.54,Detected_one:78.90,Target_one:100.00
output_one:46.30,Detected_one:79.87,Target_one:100.00
output_one:46.30,Detected_one:79.87,Target_one:100.00
output_one:48.54,Detected_one:78.90,Target_one:100.00
output_one:48.54,Detected_one:78.90,Target_one:100.00
output_one:46.30,Detected_one:79.87,Target_one:100.00
output_one:46.30,Detected_one:79.87,Target_one:100.00
output_one:46.30,Detected_one:79.87,Target_one:100.00
output_one:48.54,Detected_one:78.90,Target_one:100.00
output_one:48.54,Detected_one:78.90,Target_one:100.00
output_one:46.30,Detected_one:79.87,Target_one:100.00
output_one:46.30,Detected_one:79.87,Target_one:100.00
output_one:48.54,Detected_one:78.90,Target_one:100.00
output_one:48.54,Detected_one:78.90,Target_one:100.00
output_one:48.54,Detected_one:78.90,Target_one:100.00
output_one:48.54,Detected_one:78.90,Target_one:100.00
output_one:46.30,Detected_one:79.87,Target_one:100.00
output_one:46.30,Detected_one:79.87,Target_one:100.00
output_one:46.30,Detected_one:79.87,Target_one:100.00
output_one:46.30,Detected_one:79.87,Target_one:100.00
output_one:50.78,Detected_one:77.92,Target_one:100.00
output_one:50.78,Detected_one:77.92,Target_one:100.00
output_one:50.78,Detected_one:77.92,Target_one:100.00
output_one:46.30,Detected_one:79.87,Target_one:100.00
output_one:46.30,Detected_one:79.87,Target_one:100.00
output_one:46.30,Detected_one:79.87,Target_one:100.00
output_one:46.30,Detected_one:79.87,Target_one:100.00
output_one:48.54,Detected_one:78.90,Target_one:100.00
output_one:48.54,Detected_one:78.90,Target_one:100.00
output_one:48.54,Detected_one:78.90,Target_one:100.00
output_one:48.54,Detected_one:78.90,Target_one:100.00
output_one:48.54,Detected_one:78.90,Target_one:100.00
output_one:48.54,Detected_one:78.90,Target_one:100.00
output_one:44.06,Detected_one:80.84,Target_one:100.00
output_one:44.06,Detected_one:80.84,Target_one:100.00
output_one:46.30,Detected_one:79.87,Target_one:100.00
output_one:46.30,Detected_one:79.87,Target_one:100.00
output_one:46.30,Detected_one:79.87,Target_one:100.00
output_one:50.78,Detected_one:77.92,Target_one:100.00
output_one:50.78,Detected_one:77.92,Target_one:100.00
output_one:48.54,Detected_one:78.90,Target_one:100.00
output_one:48.54,Detected_one:78.90,Target_one:100.00
output_one:44.06,Detected_one:80.84,Target_one:100.00
output_one:44.06,Detected_one:80.84,Target_one:100.00
output_one:48.54,Detected_one:78.90,Target_one:100.00
output_one:48.54,Detected_one:78.90,Target_one:100.00
output_one:48.54,Detected_one:78.90,Target_one:100.00
output_one:48.54,Detected_one:78.90,Target_one:100.00
output_one:46.30,Detected_one:79.87,Target_one:100.00
output_one:46.30,Detected_one:79.87,Target_one:100.00
output_one:46.30,Detected_one:79.87,Target_one:100.00
output_one:46.30,Detected_one:79.87,Target_one:100.00
output_one:46.30,Detected_one:79.87,Target_one:100.00
output_one:48.54,Detected_one:78.90,Target_one:100.00
output_one:48.54,Detected_one:78.90,Target_one:100.00
output_one:48.54,Detected_one:78.90,Target_one:100.00
output_one:48.54,Detected_one:78.90,Target_one:100.00
output_one:46.30,Detected_one:79.87,Target_one:100.00
output_one:46.30,Detected_one:79.87,Target_one:100.00
output_one:48.54,Detected_one:78.90,Target_one:100.00
output_one:48.54,Detected_one:78.90,Target_one:100.00
output_one:46.30,Detected_one:79.87,Target_one:100.00
output_one:46.30,Detected_one:79.87,Target_one:100.00
output_one:48.54,Detected_one:78.90,Target_one:100.00
output_one:48.54,Detected_one:78.90,Target_one:100.00
output_one:48.54,Detected_one:78.90,Target_one:100.00
output_one:46.30,Detected_one:79.87,Target_one:100.00
output_one:46.30,Detected_one:79.87,Target_one:100.00
output_one:46.30,Detected_one:79.87,Target_one:100.00
output_one:46.30,Detected_one:79.87,Target_one:100.00
output_one:48.54,Detected_one:78.90,Target_one:100.00
output_one:48.54,Detected_one:78.90,Target_one:100.00
output_one:48.54,Detected_one:78.90,Target_one:100.00
output_one:48.54,Detected_one:78.90,Target_one:100.00
output_one:46.30,Detected_one:79.87,Target_one:100.00
output_one:46.30,Detected_one:79.87,Target_one:100.00
output_one:48.54,Detected_one:78.90,Target_one:100.00
output_one:48.54,Detected_one:78.90,Target_one:100.00
output_one:46.30,Detected_one:79.87,Target_one:100.00
output_one:46.30,Detected_one:79.87,Target_one:100.00
output_one:46.30,Detected_one:79.87,Target_one:100.00
output_one:46.30,Detected_one:79.87,Target_one:100.00
output_one:46.30,Detected_one:79.87,Target_one:100.00
output_one:48.54,Detected_one:78.90,Target_one:100.00
output_one:48.54,Detected_one:78.90,Target_one:100.00
output_one:48.54,Detected_one:78.90,Target_one:100.00
output_one:48.54,Detected_one:78.90,Target_one:100.00
output_one:46.30,Detected_one:79.87,Target_one:100.00
output_one:46.30,Detected_one:79.87,Target_one:100.00
output_one:48.54,Detected_one:78.90,Target_one:100.00
output_one:48.54,Detected_one:78.90,Target_one:100.00
output_one:46.30,Detected_one:79.87,Target_one:100.00
output_one:46.30,Detected_one:79.87,Target_one:100.00
output_one:46.30,Detected_one:79.87,Target_one:100.00
output_one:46.30,Detected_one:79.87,Target_one:100.00
output_one:46.30,Detected_one:79.87,Target_one:100.00
output_one:48.54,Detected_one:78.90,Target_one:100.00
output_one:48.54,Detected_one:78.90,Target_one:100.00
output_one:48.54,Detected_one:78.90,Target_one:100.00
output_one:48.54,Detected_one:78.90,Target_one:100.00
output_one:46.30,Detected_one:79.87,Target_one:100.00
output_one:46.30,Detected_one:79.87,Target_one:100.00
output_one:46.30,Detected_one:79.87,Target_one:100.00
output_one:46.30,Detected_one:79.87,Target_one:100.00
output_one:46.30,Detected_one:79.87,Target_one:100.00
output_one:46.30,Detected_one:79.87,Target_one:100.00
output_one:50.78,Detected_one:77.92,Target_one:100.00
output_one:50.78,Detected_one:77.92,Target_one:100.00
output_one:46.30,Detected_one:79.87,Target_one:100.00
output_one:46.30,Detected_one:79.87,Target_one:100.00
output_one:46.30,Detected_one:79.87,Target_one:100.00
output_one:46.30,Detected_one:79.87,Target_one:100.00
output_one:46.30,Detected_one:79.87,Target_one:100.00
output_one:48.54,Detected_one:78.90,Target_one:100.00
output_one:48.54,Detected_one:78.90,Target_one:100.00
output_one:48.54,Detected_one:78.90,Target_one:100.00
output_one:48.54,Detected_one:78.90,Target_one:100.00
output_one:44.06,Detected_one:80.84,Target_one:100.00
output_one:44.06,Detected_one:80.84,Target_one:100.00
output_one:48.54,Detected_one:78.90,Target_one:100.00
output_one:48.54,Detected_one:78.90,Target_one:100.00
output_one:46.30,Detected_one:79.87,Target_one:100.00
output_one:46.30,Detected_one:79.87,Target_one:100.00
output_one:48.54,Detected_one:78.90,Target_one:100.00
output_one:48.54,Detected_one:78.90,Target_one:100.00
output_one:48.54,Detected_one:78.90,Target_one:100.00
output_one:46.30,Detected_one:79.87,Target_one:100.00
output_one:46.30,Detected_one:79.87,Target_one:100.00
output_one:48.54,Detected_one:78.90,Target_one:100.00
output_one:48.54,Detected_one:78.90,Target_one:100.00
output_one:46.30,Detected_one:79.87,Target_one:100.00
output_one:46.30,Detected_one:79.87,Target_one:100.00
output_one:46.30,Detected_one:79.87,Target_one:100.00
output_one:46.30,Detected_one:79.87,Target_one:100.00
output_one:48.54,Detected_one:78.90,Target_one:100.00
output_one:48.54,Detected_one:78.90,Target_one:100.00
output_one:48.54,Detected_one:78.90,Target_one:100.00
output_one:48.54,Detected_one:78.90,Target_one:100.00
output_one:46.30,Detected_one:79.87,Target_one:100.00
output_one:46.30,Detected_one:79.87,Target_one:100.00
output_one:46.30,Detected_one:79.87,Target_one:100.00
output_one:44.06,Detected_one:80.84,Target_one:100.00
output_one:44.06,Detected_one:80.84,Target_one:100.00
output_one:50.78,Detected_one:77.92,Target_one:100.00
output_one:50.78,Detected_one:77.92,Target_one:100.00
output_one:46.30,Detected_one:79.87,Target_one:100.00
output_one:46.30,Detected_one:79.87,Target_one:100.00
output_one:46.30,Detected_one:79.87,Target_one:100.00
output_one:46.30,Detected_one:79.87,Target_one:100.00
output_one:48.54,Detected_one:78.90,Target_one:100.00
output_one:48.54,Detected_one:78.90,Target_one:100.00
output_one:48.54,Detected_one:78.90,Target_one:100.00
output_one:48.54,Detected_one:78.90,Target_one:100.00
output_one:44.06,Detected_one:80.84,Target_one:100.00
output_one:44.06,Detected_one:80.84,Target_one:100.00
output_one:44.06,Detected_one:80.84,Target_one:100.00
output_one:46.30,Detected_one:79.87,Target_one:100.00
output_one:46.30,Detected_one:79.87,Target_one:100.00
output_one:48.54,Detected_one:78.90,Target_one:100.00
output_one:48.54,Detected_one:78.90,Target_one:100.00
output_one:48.54,Detected_one:78.90,Target_one:100.00
output_one:48.54,Detected_one:78.90,Target_one:100.00
output_one:44.06,Detected_one:80.84,Target_one:100.00
output_one:44.06,Detected_one:80.84,Target_one:100.00
output_one:46.30,Detected_one:79.87,Target_one:100.00
output_one:46.30,Detected_one:79.87,Target_one:100.00
output_one:48.54,Detected_one:78.90,Target_one:100.00
output_one:48.54,Detected_one:78.90,Target_one:100.00
output_one:48.54,Detected_one:78.90,Target_one:100.00
output_one:48.54,Detected_one:78.90,Target_one:100.00
output_one:48.54,Detected_one:78.90,Target_one:100.00
output_one:46.30,Detected_one:79.87,Target_one:100.00
output_one:46.30,Detected_one:79.87,Target_one:100.00
output_one:46.30,Detected_one:79.87,Target_one:100.00
output_one:46.30,Detected_one:79.87,Target_one:100.00
output_one:46.30,Detected_one:79.87,Target_one:100.00
output_one:46.30,Detected_one:79.87,Target_one:100.00
output_one:48.54,Detected_one:78.90,Target_one:100.00
output_one:48.54,Detected_one:78.90,Target_one:100.00
output_one:48.54,Detected_one:78.90,Target_one:100.00
output_one:48.54,Detected_one:78.90,Target_one:100.00
output_one:44.06,Detected_one:80.84,Target_one:100.00
output_one:44.06,Detected_one:80.84,Target_one:100.00
output_one:44.06,Detected_one:80.84,Target_one:100.00
output_one:46.30,Detected_one:79.87,Target_one:100.00
output_one:46.30,Detected_one:79.87,Target_one:100.00
output_one:48.54,Detected_one:78.90,Target_one:100.00
output_one:48.54,Detected_one:78.90,Target_one:100.00
output_one:48.54,Detected_one:78.90,Target_one:100.00
output_one:48.54,Detected_one:78.90,Target_one:100.00
output_one:46.30,Detected_one:79.87,Target_one:100.00
output_one:46.30,Detected_one:79.87,Target_one:100.00
output_one:46.30,Detected_one:79.87,Target_one:100.00
output_one:46.30,Detected_one:79.87,Target_one:100.00
output_one:46.30,Detected_one:79.87,Target_one:100.00
output_one:46.30,Detected_one:79.87,Target_one:100.00
output_one:48.54,Detected_one:78.90,Target_one:100.00
output_one:48.54,Detected_one:78.90,Target_one:100.00
output_one:48.54,Detected_one:78.90,Target_one:100.00
output_one:46.30,Detected_one:79.87,Target_one:100.00
output_one:46.30,Detected_one:79.87,Target_one:100.00
output_one:48.54,Detected_one:78.90,Target_one:100.00
output_one:48.54,Detected_one:78.90,Target_one:100.00
output_one:46.30,Detected_one:79.87,Target_one:100.00
output_one:46.30,Detected_one:79.87,Target_one:100.00
output_one:46.30,Detected_one:79.87,Target_one:100.00
output_one:46.30,Detected_one:79.87,Target_one:100.00
output_one:46.30,Detected_one:79.87,Target_one:100.00
output_one:46.30,Detected_one:79.87,Target_one:100.00
output_one:50.78,Detected_one:77.92,Target_one:100.00
output_one:50.78,Detected_one:77.92,Target_one:100.00
output_one:46.30,Detected_one:79.87,Target_one:100.00
output_one:46.30,Detected_one:79.87,Target_one:100.00
output_one:46.30,Detected_one:79.87,Target_one:100.00
output_one:44.06,Detected_one:80.84,Target_one:100.00
output_one:44.06,Detected_one:80.84,Target_one:100.00
output_one:48.54,Detected_one:78.90,Target_one:100.00
output_one:48.54,Detected_one:78.90,Target_one:100.00
output_one:48.54,Detected_one:78.90,Target_one:100.00
output_one:48.54,Detected_one:78.90,Target_one:100.00
output_one:44.06,Detected_one:80.84,Target_one:100.00
output_one:44.06,Detected_one:80.84,Target_one:100.00
output_one:46.30,Detected_one:79.87,Target_one:100.00
output_one:46.30,Detected_one:79.87,Target_one:100.00
output_one:50.78,Detected_one:77.92,Target_one:100.00
output_one:50.78,Detected_one:77.92,Target_one:100.00
output_one:46.30,Detected_one:79.87,Target_one:100.00
output_one:46.30,Detected_one:79.87,Target_one:100.00
output_one:46.30,Detected_one:79.87,Target_one:100.00
output_one:44.06,Detected_one:80.84,Target_one:100.00
output_one:44.06,Detected_one:80.84,Target_one:100.00
output_one:48.54,Detected_one:78.90,Target_one:100.00
output_one:48.54,Detected_one:78.90,Target_one:100.00
output_one:48.54,Detected_one:78.90,Target_one:100.00
output_one:48.54,Detected_one:78.90,Target_one:100.00
output_one:46.30,Detected_one:79.87,Target_one:100.00
output_one:46.30,Detected_one:79.87,Target_one:100.00
output_one:44.06,Detected_one:80.84,Target_one:100.00
output_one:44.06,Detected_one:80.84,Target_one:100.00
output_one:48.54,Detected_one:78.90,Target_one:100.00
output_one:48.54,Detected_one:78.90,Target_one:100.00
output_one:48.54,Detected_one:78.90,Target_one:100.00
output_one:48.54,Detected_one:78.90,Target_one:100.00
output_one:48.54,Detected_one:78.90,Target_one:100.00
output_one:46.30,Detected_one:79.87,Target_one:100.00
output_one:46.30,Detected_one:79.87,Target_one:100.00
output_one:44.06,Detected_one:80.84,Target_one:100.00
output_one:44.06,Detected_one:80.84,Target_one:100.00
output_one:48.54,Detected_one:78.90,Target_one:100.00
output_one:48.54,Detected_one:78.90,Target_one:100.00
output_one:48.54,Detected_one:78.90,Target_one:100.00
output_one:48.54,Detected_one:78.90,Target_one:100.00
output_one:46.30,Detected_one:79.87,Target_one:100.00
output_one:46.30,Detected_one:79.87,Target_one:100.00
output_one:44.06,Detected_one:80.84,Target_one:100.00
output_one:44.06,Detected_one:80.84,Target_one:100.00
output_one:48.54,Detected_one:78.90,Target_one:100.00
output_one:48.54,Detected_one:78.90,Target_one:100.00
output_one:48.54,Detected_one:78.90,Target_one:100.00
output_one:48.54,Detected_one:78.90,Target_one:100.00
output_one:48.54,Detected_one:78.90,Target_one:100.00
output_one:46.30,Detected_one:79.87,Target_one:100.00
output_one:46.30,Detected_one:79.87,Target_one:100.00
output_one:46.30,Detected_one:79.87,Target_one:100.00
output_one:46.30,Detected_one:79.87,Target_one:100.00
output_one:46.30,Detected_one:79.87,Target_one:100.00
output_one:46.30,Detected_one:79.87,Target_one:100.00
output_one:48.54,Detected_one:78.90,Target_one:100.00
output_one:48.54,Detected_one:78.90,Target_one:100.00
output_one:46.30,Detected_one:79.87,Target_one:100.00
output_one:46.30,Detected_one:79.87,Target_one:100.00
output_one:46.30,Detected_one:79.87,Target_one:100.00
output_one:46.30,Detected_one:79.87,Target_one:100.00
output_one:46.30,Detected_one:79.87,Target_one:100.00
output_one:46.30,Detected_one:79.87,Target_one:100.00
output_one:46.30,Detected_one:79.87,Target_one:100.00
output_one:48.54,Detected_one:78.90,Target_one:100.00
output_one:48.54,Detected_one:78.90,Target_one:100.00
output_one:48.54,Detected_one:78.90,Target_one:100.00
output_one:48.54,Detected_one:78.90,Target_one:100.00
output_one:44.06,Detected_one:80.84,Target_one:100.00
output_one:44.06,Detected_one:80.84,Target_one:100.00
output_one:46.30,Detected_one:79.87,Target_one:100.00
output_one:46.30,Detected_one:79.87,Target_one:100.00
output_one:48.54,Detected_one:78.90,Target_one:100.00
output_one:48.54,Detected_one:78.90,Target_one:100.00
output_one:48.54,Detected_one:78.90,Target_one:100.00
output_one:46.30,Detected_one:79.87,Target_one:100.00
output_one:46.30,Detected_one:79.87,Target_one:100.00
output_one:46.30,Detected_one:79.87,Target_one:100.00
output_one:46.30,Detected_one:79.87,Target_one:100.00
output_one:46.30,Detected_one:79.87,Target_one:100.00
output_one:46.30,Detected_one:79.87,Target_one:100.00
output_one:48.54,Detected_one:78.90,Target_one:100.00
output_one:48.54,Detected_one:78.90,Target_one:100.00
output_one:46.30,Detected_one:79.87,Target_one:100.00
output_one:46.30,Detected_one:79.87,Target_one:100.00
output_one:46.30,Detected_one:79.87,Target_one:100.00
output_one:46.30,Detected_one:79.87,Target_one:100.00
output_one:46.30,Detected_one:79.87,Target_one:100.00
output_one:46.30,Detected_one:79.87,Target_one:100.00
output_one:46.30,Detected_one:79.87,Target_one:100.00
output_one:48.54,Detected_one:78.90,Target_one:100.00
output_one:48.54,Detected_one:78.90,Target_one:100.00
output_one:46.30,Detected_one:79.87,Target_one:100.00
output_one:46.30,Detected_one:79.87,Target_one:100.00
output_one:46.30,Detected_one:79.87,Target_one:100.00
output_one:46.30,Detected_one:79.87,Target_one:100.00
output_one:48.54,Detected_one:78.90,Target_one:100.00
output_one:48.54,Detected_one:78.90,Target_one:100.00
output_one:46.30,Detected_one:79.87,Target_one:100.00
output_one:46.30,Detected_one:79.87,Target_one:100.00
output_one:46.30,Detected_one:79.87,Target_one:100.00
output_one:46.30,Detected_one:79.87,Target_one:100.00
output_one:46.30,Detected_one:79.87,Target_one:100.00
output_one:46.30,Detected_one:79.87,Target_one:100.00
output_one:46.30,Detected_one:79.87,Target_one:100.00
output_one:46.30,Detected_one:79.87,Target_one:100.00
output_one:46.30,Detected_one:79.87,Target_one:100.00
output_one:48.54,Detected_one:78.90,Target_one:100.00
output_one:48.54,Detected_one:78.90,Target_one:100.00
output_one:48.54,Detected_one:78.90,Target_one:100.00
output_one:48.54,Detected_one:78.90,Target_one:100.00
output_one:44.06,Detected_one:80.84,Target_one:100.00
output_one:44.06,Detected_one:80.84,Target_one:100.00
output_one:44.06,Detected_one:80.84,Target_one:100.00
output_one:44.06,Detected_one:80.84,Target_one:100.00
output_one:48.54,Detected_one:78.90,Target_one:100.00
output_one:48.54,Detected_one:78.90,Target_one:100.00
output_one:48.54,Detected_one:78.90,Target_one:100.00
output_one:48.54,Detected_one:78.90,Target_one:100.00
output_one:48.54,Detected_one:78.90,Target_one:100.00
output_one:46.30,Detected_one:79.87,Target_one:100.00
output_one:46.30,Detected_one:79.87,Target_one:100.00
output_one:44.06,Detected_one:80.84,Target_one:100.00
output_one:44.06,Detected_one:80.84,Target_one:100.00
output_one:48.54,Detected_one:78.90,Target_one:100.00
output_one:48.54,Detected_one:78.90,Target_one:100.00
output_one:46.30,Detected_one:79.87,Target_one:100.00
output_one:46.30,Detected_one:79.87,Target_one:100.00
output_one:46.30,Detected_one:79.87,Target_one:100.00
output_one:46.30,Detected_one:79.87,Target_one:100.00
output_one:48.54,Detected_one:78.90,Target_one:100.00
output_one:48.54,Detected_one:78.90,Target_one:100.00
output_one:46.30,Detected_one:79.87,Target_one:100.00
output_one:46.30,Detected_one:79.87,Target_one:100.00
output_one:46.30,Detected_one:79.87,Target_one:100.00
output_one:44.06,Detected_one:80.84,Target_one:100.00
output_one:44.06,Detected_one:80.84,Target_one:100.00
output_one:48.54,Detected_one:78.90,Target_one:100.00
output_one:48.54,Detected_one:78.90,Target_one:100.00
output_one:48.54,Detected_one:78.90,Target_one:100.00
output_one:48.54,Detected_one:78.90,Target_one:100.00
output_one:46.30,Detected_one:79.87,Target_one:100.00
output_one:46.30,Detected_one:79.87,Target_one:100.00
output_one:44.06,Detected_one:80.84,Target_one:100.00
output_one:44.06,Detected_one:80.84,Target_one:100.00
output_one:48.54,Detected_one:78.90,Target_one:100.00
output_one:48.54,Detected_one:78.90,Target_one:100.00
output_one:46.30,Detected_one:79.87,Target_one:100.00
output_one:46.30,Detected_one:79.87,Target_one:100.00
output_one:46.30,Detected_one:79.87,Target_one:100.00
output_one:46.30,Detected_one:79.87,Target_one:100.00
output_one:46.30,Detected_one:79.87,Target_one:100.00
output_one:48.54,Detected_one:78.90,Target_one:100.00
output_one:48.54,Detected_one:78.90,Target_one:100.00
output_one:46.30,Detected_one:79.87,Target_one:100.00
output_one:46.30,Detected_one:79.87,Target_one:100.00
output_one:46.30,Detected_one:79.87,Target_one:100.00
output_one:46.30,Detected_one:79.87,Target_one:100.00
output_one:46.30,Detected_one:79.87,Target_one:100.00
output_one:46.30,Detected_one:79.87,Target_one:100.00
output_one:48.54,Detected_one:78.90,Target_one:100.00
output_one:48.54,Detected_one:78.90,Target_one:100.00
output_one:46.30,Detected_one:79.87,Target_one:100.00
output_one:46.30,Detected_one:79.87,Target_one:100.00
output_one:46.30,Detected_one:79.87,Target_one:100.00
output_one:46.30,Detected_one:79.87,Target_one:100.00
output_one:46.30,Detected_one:79.87,Target_one:100.00
output_one:46.30,Detected_one:79.87,Target_one:100.00
output_one:46.30,Detected_one:79.87,Target_one:100.00
output_one:48.54,Detected_one:78.90,Target_one:100.00
output_one:48.54,Detected_one:78.90,Target_one:100.00
output_one:46.30,Detected_one:79.87,Target_one:100.00
output_one:46.30,Detected_one:79.87,Target_one:100.00
output_one:46.30,Detected_one:79.87,Target_one:100.00
output_one:46.30,Detected_one:79.87,Target_one:100.00
output_one:46.30,Detected_one:79.87,Target_one:100.00
output_one:46.30,Detected_one:79.87,Target_one:100.00
output_one:48.54,Detected_one:78.90,Target_one:100.00
output_one:48.54,Detected_one:78.90,Target_one:100.00
output_one:48.54,Detected_one:78.90,Target_one:100.00
output_one:46.30,Detected_one:79.87,Target_one:100.00
output_one:46.30,Detected_one:79.87,Target_one:100.00
output_one:44.06,Detected_one:80.84,Target_one:100.00
output_one:44.06,Detected_one:80.84,Target_one:100.00
output_one:48.54,Detected_one:78.90,Target_one:100.00
output_one:48.54,Detected_one:78.90,Target_one:100.00
output_one:46.30,Detected_one:79.87,Target_one:100.00
output_one:46.30,Detected_one:79.87,Target_one:100.00
output_one:46.30,Detected_one:79.87,Target_one:100.00
output_one:46.30,Detected_one:79.87,Target_one:100.00
output_one:48.54,Detected_one:78.90,Target_one:100.00
output_one:48.54,Detected_one:78.90,Target_one:100.00
output_one:48.54,Detected_one:78.90,Target_one:100.00
output_one:46.30,Detected_one:79.87,Target_one:100.00
output_one:46.30,Detected_one:79.87,Target_one:100.00
output_one:44.06,Detected_one:80.84,Target_one:100.00
output_one:44.06,Detected_one:80.84,Target_one:100.00
output_one:48.54,Detected_one:78.90,Target_one:100.00
output_one:48.54,Detected_one:78.90,Target_one:100.00
output_one:46.30,Detected_one:79.87,Target_one:100.00
output_one:46.30,Detected_one:79.87,Target_one:100.00
output_one:46.30,Detected_one:79.87,Target_one:100.00
output_one:46.30,Detected_one:79.87,Target_one:100.00
output_one:48.54,Detected_one:78.90,Target_one:100.00
output_one:48.54,Detected_one:78.90,Target_one:100.00
output_one:46.30,Detected_one:79.87,Target_one:100.00
output_one:46.30,Detected_one:79.87,Target_one:100.00
output_one:46.30,Detected_one:79.87,Target_one:100.00
output_one:44.06,Detected_one:80.84,Target_one:100.00
output_one:44.06,Detected_one:80.84,Target_one:100.00
output_one:48.54,Detected_one:78.90,Target_one:100.00
output_one:48.54,Detected_one:78.90,Target_one:100.00
output_one:48.54,Detected_one:78.90,Target_one:100.00
output_one:48.54,Detected_one:78.90,Target_one:100.00
output_one:44.06,Detected_one:80.84,Target_one:100.00
output_one:44.06,Detected_one:80.84,Target_one:100.00
output_one:46.30,Detected_one:79.87,Target_one:100.00
output_one:46.30,Detected_one:79.87,Target_one:100.00
output_one:48.54,Detected_one:78.90,Target_one:100.00
output_one:48.54,Detected_one:78.90,Target_one:100.00